Counter,Date/time,Latitude,Longitude,Elevation
1,2022-04-18 21:33:04.892594,-18.509055770310948,-64.74693828305058,424.4480544479309
2,2022-04-18 21:33:20.379733,-19.267198012711276,-64.12048753470249,424.702567860082
3,2022-04-18 21:33:35.229930,-19.991762401848675,-63.51372563431906,424.94919726133895
4,2022-04-18 21:33:50.040458,-20.71176740549167,-62.90252049443004,425.19743940552576
5,2022-04-18 21:34:05.258935,-21.44873697894126,-62.26788930482621,425.4546759469286
6,2022-04-18 21:34:20.114152,-22.16519593527294,-61.64166302151533,425.7076829424656
7,2022-04-18 21:34:34.941239,-22.877274593410718,-61.00970353036192,425.9618842572234
8,2022-04-18 21:34:49.853845,-23.59028382965871,-60.36682583892091,426.2190336128976
9,2022-04-18 21:35:04.647139,-24.294289635389156,-59.7215988993278,426.47538172049894
10,2022-04-18 21:35:19.485013,-24.996998305274044,-59.06660503978404,426.7335575539585
11,2022-04-18 21:35:34.321520,-25.696045196356682,-58.40355396012072,426.9925434928891
12,2022-04-18 21:35:49.186751,-26.392695238850987,-57.730753550921555,427.2526542145848
13,2022-04-18 21:36:04.014225,-27.083684463426522,-57.0508946664754,427.51250987992455
14,2022-04-18 21:36:18.862792,-27.771588549595823,-56.36097804894157,427.77291681743486
15,2022-04-18 21:36:33.737373,-28.456446170001776,-55.66040043487567,428.0337388027141
16,2022-04-18 21:36:48.600654,-29.13638097094135,-54.950543511688785,428.2941054973087
17,2022-04-18 21:37:03.820930,-29.827870886852367,-54.21314154570116,428.5602132339592
18,2022-04-18 21:37:18.621356,-30.495480445181812,-53.48552449733264,428.8182600712827
19,2022-04-18 21:37:33.409401,-31.157610542601333,-52.747764143892304,429.0751563814133
20,2022-04-18 21:37:48.234600,-31.81625345078449,-51.99702508205209,429.33152815957
21,2022-04-18 21:38:03.077474,-32.470315422842695,-51.233866107781765,429.58680677244325
22,2022-04-18 21:38:18.277364,-33.13435067822253,-50.4399855351964,429.8465478438299
23,2022-04-18 21:38:33.127265,-33.77721934019083,-49.651953949997264,430.098426398635
24,2022-04-18 21:38:47.940368,-34.41249302742104,-48.85324585120039,430.3476043944447
25,2022-04-18 21:39:02.788048,-35.0430001043335,-48.03964117386759,430.5950565600108
26,2022-04-18 21:39:17.594474,-35.66530198049338,-47.21490532473427,430.839303152041
27,2022-04-18 21:39:32.752349,-36.29541267475009,-46.356385267690776,431.0864987333703
28,2022-04-18 21:39:47.612037,-36.906049441694435,-45.500386854583894,431.32581521972816
29,2022-04-18 21:40:02.818089,-37.523373782627814,-44.60932839138551,431.56738096138906
30,2022-04-18 21:40:18.021500,-38.132687800988144,-43.70271827468928,431.8053120791493
31,2022-04-18 21:40:32.837728,-38.71857119037671,-42.80373656256308,432.0334968220998
32,2022-04-18 21:40:48.020255,-39.31056151784249,-41.86626590850733,432.2633340771222
33,2022-04-18 21:41:02.801354,-39.87841282172172,-40.937462730325905,432.4829867167226
34,2022-04-18 21:41:17.634043,-40.43956107846934,-39.989011890960676,432.69913808149863
35,2022-04-18 21:41:32.836486,-41.00531358477468,-38.999550595811826,432.9160162257678
36,2022-04-18 21:41:47.628864,-41.54636149777293,-38.01956301785195,433.12231074621064
37,2022-04-18 21:42:02.411036,-42.0774006579078,-37.0229712823656,433.32360105548565
38,2022-04-18 21:42:17.554295,-42.61107479386372,-35.983809155641744,433.5245681666743
39,2022-04-18 21:42:32.709678,-43.13432306108475,-34.92507489590447,433.72018054318266
40,2022-04-18 21:42:47.521696,-43.63487370674865,-33.87192656836104,433.9058430651879
41,2022-04-18 21:43:02.331440,-44.124253015595016,-32.80055369875984,434.0858354206775
42,2022-04-18 21:43:17.152646,-44.602540197582044,-31.709736830340297,434.26014375331533
43,2022-04-18 21:43:32.287829,-45.07872041394852,-30.576434990455187,434.4319509316329
44,2022-04-18 21:43:47.079211,-45.531748395680566,-29.4498253472985,434.59363834021053
45,2022-04-18 21:44:01.859855,-45.97186701973829,-28.305164668449194,434.7489018322282
46,2022-04-18 21:44:16.668638,-46.39983722877694,-27.139323255388632,434.8979868683717
47,2022-04-18 21:44:31.480847,-46.814497833303804,-25.95421684308499,435.0404676851685
48,2022-04-18 21:44:46.298690,-47.215506627694175,-24.749686603158832,435.17621420297183
49,2022-04-18 21:45:01.449704,-47.610825132666825,-23.498591527057286,435.30784159329903
50,2022-04-18 21:45:16.268751,-47.982684624546124,-22.256041510535013,435.4294302619977
51,2022-04-18 21:45:31.080491,-48.33934720298046,-20.995656689745893,435.54376109538725
52,2022-04-18 21:45:46.229115,-48.68818209697158,-19.68783906713553,435.65311894666166
53,2022-04-18 21:46:01.390185,-49.020737304479404,-18.360376876240363,435.7547698480198
54,2022-04-18 21:46:16.200879,-49.32921925188039,-17.046057792986645,435.84642869856964
55,2022-04-18 21:46:31.008507,-49.6210635338426,-15.715205129781985,435.93041077295567
56,2022-04-18 21:46:45.786974,-49.89544022793831,-14.370813577277984,436.00649394698405
57,2022-04-18 21:47:00.567602,-50.15262118229664,-13.010741083905586,436.0747688871367
58,2022-04-18 21:47:15.407059,-50.39315274079216,-11.630351044599445,436.13536629274137
59,2022-04-18 21:47:30.507030,-50.61938050342252,-10.211285644869108,436.18876767942936
60,2022-04-18 21:47:45.330417,-50.82297385062411,-8.804925186531614,436.23301465943615
61,2022-04-18 21:48:00.424864,-51.011167238258714,-7.360268918755983,436.26968044978645
62,2022-04-18 21:48:15.233495,-51.176775006302286,-5.931629976553201,436.2973665730018
63,2022-04-18 21:48:30.383303,-51.32642184028303,-4.459797519097733,436.31714288651125
64,2022-04-18 21:48:45.195627,-51.453196510989144,-3.0116347744100684,436.32808046109557
65,2022-04-18 21:49:00.289586,-51.5622962179435,-1.5280090800132615,436.3306458685886
66,2022-04-18 21:49:15.087614,-51.649409623562356,-0.06691790142269972,436.3247247707468
67,2022-04-18 21:49:29.905551,-51.71681171256347,1.4013598942302194,436.31040496664576
68,2022-04-18 21:49:44.713836,-51.76423905417275,2.872552002084321,436.28769331602336
69,2022-04-18 21:49:59.481753,-51.79161953109325,4.342262783747422,436.25667370588565
70,2022-04-18 21:50:14.622845,-51.79899582875507,5.850356229854183,436.21619327910895
71,2022-04-18 21:50:29.438497,-51.7859175519481,7.325837652348232,436.1680888866779
72,2022-04-18 21:50:44.258926,-51.75276967421026,8.800259730963313,436.111578692697
73,2022-04-18 21:50:59.331297,-51.69852490105928,10.296852886914099,436.04552188134414
74,2022-04-18 21:51:14.142124,-51.625146093632104,11.763033668503628,435.97222049075225
75,2022-04-18 21:51:28.907782,-51.53228716573798,13.219283945593416,435.8908913488468
76,2022-04-18 21:51:43.722284,-51.41949517728162,14.673552933633587,435.80106182192145
77,2022-04-18 21:51:58.531226,-51.28726981388277,16.119250701396098,435.7030783127196
78,2022-04-18 21:52:13.622221,-51.132704260122466,17.582978558066024,435.594871841318
79,2022-04-18 21:52:28.382302,-50.962400018111225,19.004207599059466,435.48094559951306
80,2022-04-18 21:52:43.171972,-50.773029217132574,20.41692790659771,435.3588369935688
81,2022-04-18 21:52:57.982288,-50.564889764709996,21.819186676355617,435.2286650273776
82,2022-04-18 21:53:12.787710,-50.33859803316436,23.207663523072778,435.0907261453752
83,2022-04-18 21:53:27.606817,-50.094167719425705,24.583220504445983,434.94493672332044
84,2022-04-18 21:53:42.702213,-49.82709034701584,25.968943184265697,434.7885977987667
85,2022-04-18 21:53:57.519112,-49.54752085506063,27.31326426284576,434.6275589865644
86,2022-04-18 21:54:12.612093,-49.24538696572801,28.665771446507836,434.4559237664167
87,2022-04-18 21:54:27.767209,-48.92476723415264,30.006173181560587,434.2759930417743
88,2022-04-18 21:54:42.922245,-48.587290924520424,31.328280958787015,434.08860469712425
89,2022-04-18 21:54:58.071639,-48.23348702835593,32.63124642763458,433.8939668865307
90,2022-04-18 21:55:12.887058,-47.87199024661177,33.88704329165077,433.69669617396136
91,2022-04-18 21:55:27.702088,-47.49557329769471,35.12432341304344,433.4927282210116
92,2022-04-18 21:55:42.460513,-47.10615624432536,36.33825425683798,433.28303379410363
93,2022-04-18 21:55:57.542141,-46.693729137838815,37.559430847416166,433.0622001523427
94,2022-04-18 21:56:12.682138,-46.265405559253395,38.76556345092532,432.8340312366815
95,2022-04-18 21:56:27.500023,-45.83273239891022,39.926801211196775,432.60460658980116
96,2022-04-18 21:56:42.628461,-45.377660235091014,41.09277075653154,432.36431959577277
97,2022-04-18 21:56:57.443277,-44.919364642885185,42.21543277928307,432.12326949591414
98,2022-04-18 21:57:12.234939,-44.44968591255561,43.317527641201494,431.8771165427162
99,2022-04-18 21:57:27.042119,-43.96778550752389,44.402089249511285,431.625412057686
100,2022-04-18 21:57:41.807479,-43.47592619821577,45.46515374440503,431.36933558353905
101,2022-04-18 21:57:56.602079,-42.97213332088967,46.51203861205503,431.1078663174479
102,2022-04-18 21:58:11.416988,-42.457017127680345,47.542251629611606,430.8413417981391
103,2022-04-18 21:58:26.225565,-41.93181808465322,48.55421876765392,430.57043031854283
104,2022-04-18 21:58:41.067749,-41.39546859262531,49.550841567703074,430.2946173138403
105,2022-04-18 21:58:55.882126,-40.85049890602068,50.528325802284925,430.0152465890471
106,2022-04-18 21:59:10.688685,-40.296555120886865,51.48833736390473,429.732183917495
107,2022-04-18 21:59:25.833411,-39.72068914060014,52.453125310142724,429.4389038196133
108,2022-04-18 21:59:40.657875,-39.148276764485395,53.38100151656987,429.14839913846464
109,2022-04-18 21:59:55.472755,-38.567877587552445,54.29238200026481,428.85490507129634
110,2022-04-18 22:00:10.573391,-37.96802251022636,55.20531301069617,428.5527359197789
111,2022-04-18 22:00:25.341917,-37.37357125163628,56.082903567826996,428.25449874059
112,2022-04-18 22:00:40.112881,-36.77159404521139,56.94591575410129,427.9537622345265
113,2022-04-18 22:00:55.208504,-36.14899652172662,57.81305916247314,427.64413228237754
114,2022-04-18 22:01:09.999623,-35.531968392215646,58.64855735004333,427.33874608055027
115,2022-04-18 22:01:24.774502,-34.90895675873476,59.469539410733425,427.0319530273203
116,2022-04-18 22:01:39.546450,-34.279684527505594,60.27710995645443,426.723732773107
117,2022-04-18 22:01:54.338656,-33.64335049703085,61.07293690906494,426.41382038443624
118,2022-04-18 22:02:09.106715,-33.00213006831894,61.85496474455768,426.10340393030725
119,2022-04-18 22:02:23.896062,-32.3542487269428,62.62600343553465,425.79175783983715
120,2022-04-18 22:02:39.052355,-31.68456380398393,63.403971814194136,425.4718214706989
121,2022-04-18 22:02:53.862216,-31.024809817370766,64.15258449089889,425.1589057618677
122,2022-04-18 22:03:08.628871,-30.361890822374484,64.88798667787718,424.84685747692873
123,2022-04-18 22:03:23.398248,-29.693939470109015,65.61288635373545,424.5349364984227
124,2022-04-18 22:03:38.211513,-29.019273376635937,66.32958773444011,424.2225209712345
125,2022-04-18 22:03:52.986281,-28.34183120770835,67.0344361577036,423.91159019444893
126,2022-04-18 22:04:07.787048,-27.658790706644066,67.73090904231961,423.6010019674915
127,2022-04-18 22:04:22.875013,-26.958239604162056,68.43122985054802,423.28559585193904
128,2022-04-18 22:04:37.737183,-26.264026235907192,69.1119801701426,422.976291493286
129,2022-04-18 22:04:52.540189,-25.568705783072073,69.78132183255771,422.6698420722719
130,2022-04-18 22:05:07.666413,-24.85443181234405,70.4565888819793,422.35863951160167
131,2022-04-18 22:05:22.823242,-24.13493606405585,71.12485141003341,422.04896474352546
132,2022-04-18 22:05:37.987151,-23.4115341181344,71.78531679691864,421.74157218027125
133,2022-04-18 22:05:52.779021,-22.70258215023484,72.42207493898167,421.4442863889642
134,2022-04-18 22:06:07.597253,-21.9892329224549,73.05284196029719,421.1492285481978
135,2022-04-18 22:06:22.399329,-21.273670174132917,73.67608465912785,420.8574659957031
136,2022-04-18 22:06:37.222040,-20.554249075260792,74.29363006347366,420.5684888458695
137,2022-04-18 22:06:52.020321,-19.833284467341887,74.90388256736033,420.28338213772804
138,2022-04-18 22:07:07.127182,-19.09459868541847,75.52067934470006,419.9960389329482
139,2022-04-18 22:07:21.941938,-18.367664856955777,76.11977252837355,419.7180875619462
140,2022-04-18 22:07:36.751097,-17.638655839887385,76.71315734915254,419.4442482492989
141,2022-04-18 22:07:51.843162,-16.893407275314413,77.31251970458689,419.1694912749451
142,2022-04-18 22:08:06.666625,-16.15926085596131,77.89621116716756,418.90405138822734
143,2022-04-18 22:08:21.473133,-15.423909284183217,78.4745501596598,418.64347119333
144,2022-04-18 22:08:36.241524,-14.688556304287355,79.04695416750265,418.3882849141718
145,2022-04-18 22:08:51.088588,-13.947456831245459,79.61819583753378,418.13665528831456
146,2022-04-18 22:09:06.242130,-13.189288055711675,80.1971144246022,417.88509080999205
147,2022-04-18 22:09:21.400243,-12.429198315985504,80.77230642805566,417.63893237574365
148,2022-04-18 22:09:36.563317,-11.667290086243895,81.34401841943536,417.3983488959262
149,2022-04-18 22:09:51.726742,-10.903883437578843,81.91233128224346,417.1635696473617
150,2022-04-18 22:10:06.541203,-10.156719726296027,82.46449722705222,416.9399512778292
151,2022-04-18 22:10:21.314598,-9.410387501443084,83.01235779957284,416.7227466844079
152,2022-04-18 22:10:36.189355,-8.657884294033162,83.56132102932864,416.5100570018761
153,2022-04-18 22:10:51.007349,-7.9071777376774035,84.10584485781841,416.3042584334503
154,2022-04-18 22:11:05.773413,-7.158155941596049,84.6463245949427,416.10534110011287
155,2022-04-18 22:11:20.574740,-6.406511464986532,85.18615035639645,415.9122347059585
156,2022-04-18 22:11:35.379970,-5.653902664796795,85.7243958423459,415.7254698876032
157,2022-04-18 22:11:50.508261,-4.884180427047413,86.27281833175032,415.54133482015055
158,2022-04-18 22:12:05.298566,-4.131063059644804,86.80767169639789,415.3679536651224
159,2022-04-18 22:12:20.092241,-3.377281497335782,87.34154890126628,415.2011828353693
160,2022-04-18 22:12:34.899628,-2.6223861907340287,87.87503275305203,415.04098921387515
161,2022-04-18 22:12:49.992249,-1.852620359232373,88.41808452947416,414.8847114916087
162,2022-04-18 22:13:04.806352,-1.0968029587374282,88.95064201991337,414.73824805936164
163,2022-04-18 22:13:19.901781,-0.3265000778338033,89.49301565458545,414.59612789219216
164,2022-04-18 22:13:34.741337,0.43083065435351053,90.02614083418189,414.46346445353413
165,2022-04-18 22:13:49.542427,1.18617683673065,90.55802164055156,414.33814655064066
166,2022-04-18 22:14:04.306767,1.9395373819459722,91.0889190063082,414.22013684048994
167,2022-04-18 22:14:19.102622,2.6943366724130096,91.62150954511871,414.1089047696037
168,2022-04-18 22:14:34.197619,3.464087100668558,92.16562521442857,414.00269841006855
169,2022-04-18 22:14:49.012105,4.219183440841486,92.70061177483186,413.9056120012245
170,2022-04-18 22:15:03.804491,4.972703083701347,93.23596640758497,413.815737226641
171,2022-04-18 22:15:18.894106,5.740811041636259,93.78349467583057,413.7313255303335
172,2022-04-18 22:15:33.704197,6.494063584509469,94.32248753779136,413.65560168952777
173,2022-04-18 22:15:48.492286,7.245480203469146,94.86247375381913,413.58701215664007
174,2022-04-18 22:16:03.329529,7.9985803762009775,95.40626619942299,413.5252184586415
175,2022-04-18 22:16:18.492070,8.767291648158086,95.96431324702377,413.46929912032755
176,2022-04-18 22:16:33.322027,9.518130915877459,96.51259528237956,413.4216351068149
177,2022-04-18 22:16:48.152095,10.267887056477242,97.06355412019894,413.38087158428976
178,2022-04-18 22:17:02.992018,11.016971078348513,97.6177873645668,413.3469318820223
179,2022-04-18 22:17:17.822479,11.764289759828937,98.17478238522244,413.3197985503493
180,2022-04-18 22:17:32.651998,12.510212101259762,98.7351105753531,413.29937822487017
181,2022-04-18 22:17:47.492167,13.25518256421306,99.29941600325813,413.28558659258476
182,2022-04-18 22:18:02.370353,14.000482629596355,99.86900515395737,413.27834748747654
183,2022-04-18 22:18:17.580985,14.760712360251345,100.45555861795688,413.27767249279714
184,2022-04-18 22:18:32.405377,15.499818063559784,101.03155945741689,413.28346103558914
185,2022-04-18 22:18:47.518854,16.25139826662599,101.62347827549888,413.2958078637148
186,2022-04-18 22:19:02.682667,17.003395485940608,102.22238472164833,413.3146228258245
187,2022-04-18 22:19:17.465502,17.734379398583354,102.81134450118924,413.33904750219983
188,2022-04-18 22:19:32.271996,18.464305201800734,103.40654129683854,413.36941162030854
189,2022-04-18 22:19:47.100174,19.192957178875396,104.0081898063631,413.4056150693276
190,2022-04-18 22:20:01.903510,19.91807564401984,104.61479018575795,413.4474228959666
191,2022-04-18 22:20:16.721199,20.641002639199776,105.22782908845807,413.4947778231558
192,2022-04-18 22:20:31.521051,21.360521791195673,105.8466533136381,413.54746654091633
193,2022-04-18 22:20:46.336321,22.077934070163014,106.47277621592255,413.60545114288885
194,2022-04-18 22:21:01.470241,22.807813064549983,107.11965089657383,413.6699546706019
195,2022-04-18 22:21:16.272879,23.518390327704925,107.75952979656199,413.73801964289447
196,2022-04-18 22:21:31.477935,24.244970746287045,108.42472648799615,413.8129143667731
197,2022-04-18 22:21:46.309292,24.950251925598593,109.08157145748005,413.8906611537112
198,2022-04-18 22:22:01.523226,25.669975573930362,109.76383876575335,413.975048082388
199,2022-04-18 22:22:16.322302,26.366398057391606,110.43618503893325,414.06148173682413
200,2022-04-18 22:22:31.181895,27.0617573161258,111.12012645006976,414.15239786156627
201,2022-04-18 22:22:46.086833,27.755129547380342,111.81538606783548,414.24757068304183
202,2022-04-18 22:23:00.962438,28.442893105203783,112.51886503549751,414.3463549298057
203,2022-04-18 22:23:15.773434,29.123273410255123,113.22913884717435,414.44829937556176
204,2022-04-18 22:23:30.616562,29.80054697130937,113.9511617593803,414.55387570228015
205,2022-04-18 22:23:45.531094,30.476282143173947,114.68732285729666,414.6632150910999
206,2022-04-18 22:24:00.349539,31.142696449013282,115.42967587715339,414.7748930513578
207,2022-04-18 22:24:15.564582,31.82157061676777,116.20360301016751,414.8925163724317
208,2022-04-18 22:24:30.438928,32.479776366992546,116.97205492810625,415.01020879479694
209,2022-04-18 22:24:45.293139,33.13149202846063,117.751554939239,415.1302177548109
210,2022-04-18 22:25:00.201483,33.77971697054332,118.54640342025004,415.252954978837
211,2022-04-18 22:25:15.395001,34.43405708645008,119.36974871835588,415.3801995252108
212,2022-04-18 22:25:30.652086,35.0845119559132,120.21047240225583,415.50996547735986
213,2022-04-18 22:25:45.550008,35.71297549055272,121.04525110863739,415.6383947688184
214,2022-04-18 22:26:00.802018,36.349290346452776,121.91448087265069,415.7714331422696
215,2022-04-18 22:26:15.706599,36.96388924845153,122.77855373046262,415.90275735229824
216,2022-04-18 22:26:30.922154,37.58369851234783,123.67604436140411,416.03796681051887
217,2022-04-18 22:26:45.789347,38.18156983649017,124.56835057402965,416.17099388628407
218,2022-04-18 22:27:00.597922,38.769204978275454,125.47264811783712,416.304206133329
219,2022-04-18 22:27:15.797452,39.363845042425794,126.4172707330102,416.4414680128564
220,2022-04-18 22:27:30.652168,39.93637845002219,127.35697659988189,416.57594981078046
221,2022-04-18 22:27:45.522395,40.5006470798638,128.31435169612993,416.71070960132755
222,2022-04-18 22:28:00.389005,41.05559547984166,129.2885407181715,416.84538889868367
223,2022-04-18 22:28:15.269260,41.60152218634121,130.2810218110932,416.97995848748656
224,2022-04-18 22:28:30.201951,42.139444840501895,131.29482489427454,417.11458443421503
225,2022-04-18 22:28:45.461802,42.6785046221034,132.34959359897874,417.2515369228676
226,2022-04-18 22:29:00.699759,43.20567353418514,133.42207828755417,417.3874767753853
227,2022-04-18 22:29:15.525096,43.70751519013926,134.48419481338743,417.5187707665016
228,2022-04-18 22:29:30.427193,44.20060550837496,135.57062891871317,417.6496164902451
229,2022-04-18 22:29:45.300462,44.680999582054845,136.67393819371023,417.77890969433776
230,2022-04-18 22:30:00.232041,45.151098731683575,137.80083674118887,417.90724196372514
231,2022-04-18 22:30:15.421980,45.61638674608463,138.96713674133787,418.03611456113106
232,2022-04-18 22:30:30.373616,46.06121797824776,140.1348379994708,418.16115041897393
233,2022-04-18 22:30:45.569890,46.499521599818465,141.34169232823317,418.2862248974729
234,2022-04-18 22:31:00.809601,46.92466653099831,142.57227743817356,418.4094666300327
235,2022-04-18 22:31:15.714066,47.3260895321647,143.7954040940486,418.52773093152416
236,2022-04-18 22:31:30.914659,47.72038997802437,145.06258011257663,418.6458811226672
237,2022-04-18 22:31:45.759923,48.0903578699277,146.31924371570446,418.7587364138026
238,2022-04-18 22:32:00.993335,48.45404002045549,147.6281207779763,418.87180342691266
239,2022-04-18 22:32:15.825163,48.79218691995547,148.9209828682457,418.9790959254259
240,2022-04-18 22:32:31.069223,49.12291374528953,150.268369207292,419.08637194720353
241,2022-04-18 22:32:45.984915,49.42961805905589,151.6045205992178,419.1882801015145
242,2022-04-18 22:33:00.813441,49.71756675375084,152.9497206177411,419.286483085193
243,2022-04-18 22:33:15.902208,49.99282016766589,154.3351188707522,419.3831193331417
244,2022-04-18 22:33:31.112100,50.25179606933618,155.74789924422996,419.47707379635295
245,2022-04-18 22:33:45.938713,50.486018528622175,157.13994801760194,419.56522219950307
246,2022-04-18 22:34:00.747240,50.7016697084676,158.54412396369835,419.64979036713197
247,2022-04-18 22:34:15.562598,50.898825750023605,159.96184974307135,419.7308448131805
248,2022-04-18 22:34:30.772232,51.0815788336227,161.429675439895,419.81028175357704
249,2022-04-18 22:34:45.602075,51.24033430894675,162.87186428716475,419.88398559391544
250,2022-04-18 22:35:00.772193,51.382621933265675,164.35716823043379,419.9554830123219
251,2022-04-18 22:35:15.602093,51.501846593586905,165.81780016725622,420.02151264023036
252,2022-04-18 22:35:30.427629,51.60120947131313,167.2852658409609,420.08365319228926
253,2022-04-18 22:35:45.265815,51.680652092675935,168.75996308412945,420.14192952895104
254,2022-04-18 22:36:00.102252,51.73995139543818,170.23917077481275,420.1962451418363
255,2022-04-18 22:36:15.281075,51.779685991458756,171.75596040804206,420.2476912628568
256,2022-04-18 22:36:30.500710,51.79820362763851,173.27884294685936,420.2950627118666
257,2022-04-18 22:36:45.322077,51.79568585152604,174.76239993887123,420.337122394225
258,2022-04-18 22:37:00.102143,51.77298620175217,176.2409303362851,420.3750519485825
259,2022-04-18 22:37:14.903357,51.73008687884599,177.71933823212154,420.40901594363635
260,2022-04-18 22:37:29.684090,51.6671754094484,179.19211917734302,420.4389203190328
261,2022-04-18 22:37:44.482127,51.58420203267293,-179.3383675279763,420.4648494036245
262,2022-04-18 22:37:59.317045,51.481077637794336,-177.8714635676383,420.48683083949595
263,2022-04-18 22:38:14.141983,51.35823359757919,-176.41306192502842,420.50480517587624
264,2022-04-18 22:38:28.941963,51.21605064949671,-174.96580391302925,420.5187950922139
265,2022-04-18 22:38:43.781039,51.054116041663136,-173.52472967741556,420.5288873726557
266,2022-04-18 22:38:58.602760,50.87323616768848,-172.0963499142531,420.53507495895093
267,2022-04-18 22:39:13.785320,50.668415790893135,-170.6457780449125,420.537426288407
268,2022-04-18 22:39:28.992092,50.44375357739833,-169.20665053552443,420.53579194437657
269,2022-04-18 22:39:43.792442,50.20666770897551,-167.8201809169969,420.5304263310818
270,2022-04-18 22:39:58.997842,49.944497457584596,-166.41115600638716,420.521102310536
271,2022-04-18 22:40:13.802098,49.671495907813714,-165.05510157007865,420.5083833794339
272,2022-04-18 22:40:28.620274,49.38106928571568,-163.71408203984086,420.49213085124467
273,2022-04-18 22:40:43.394619,49.074766095703104,-162.39384698771207,420.47249840740415
274,2022-04-18 22:40:58.229685,48.7507827890072,-161.08565223455278,420.44942782821477
275,2022-04-18 22:41:13.010233,48.41200261645617,-159.80007242059932,420.42318621787837
276,2022-04-18 22:41:27.818255,48.05699512106284,-158.53034264283696,420.39373382293525
277,2022-04-18 22:41:42.639778,47.686430287359926,-157.27804145677524,420.36118669760657
278,2022-04-18 22:41:57.837679,47.29105296453746,-156.0135034917874,420.3247375404633
279,2022-04-18 22:42:12.983548,46.881945158830156,-154.7731934159516,420.2854335378927
280,2022-04-18 22:42:28.202511,46.45614023983754,-153.54705422553428,420.2430698051331
281,2022-04-18 22:42:43.408310,46.01640144332006,-152.34221881432913,420.1980000739579
282,2022-04-18 22:42:58.204822,45.575184785941886,-151.1892363027573,420.15164025028383
283,2022-04-18 22:43:13.033868,45.12023808488442,-150.05293305944664,420.10283356336663
284,2022-04-18 22:43:27.863089,44.652904287608614,-148.93575779891157,420.05181251971914
285,2022-04-18 22:43:43.078507,44.16093485741961,-147.80924025097178,419.99730600399954
286,2022-04-18 22:43:57.910062,43.66962529331792,-146.73024612739957,419.94221786559046
287,2022-04-18 22:44:12.698791,43.168557242240574,-145.67293577503713,419.8855108746696
288,2022-04-18 22:44:27.936044,42.64101140477006,-144.6027216718171,419.8253837423419
289,2022-04-18 22:44:42.733405,42.11811245268459,-143.5817709219989,419.7654963165303
290,2022-04-18 22:44:57.555340,41.584244276146975,-142.57697848595728,419.70418722138635
291,2022-04-18 22:45:12.744062,41.0270412903847,-141.5655495068006,419.6401532747575
292,2022-04-18 22:45:27.578207,40.47329258110468,-140.59520479050715,419.57659730239675
293,2022-04-18 22:45:42.742084,39.897840312729336,-139.62081674047243,419.5107631834096
294,2022-04-18 22:45:57.994424,39.309777779286755,-138.65821921581122,419.4438379024824
295,2022-04-18 22:46:12.822112,38.729528949496114,-137.73887985596662,419.3782704179348
296,2022-04-18 22:46:27.627835,38.142009657224314,-136.83669897435234,419.31247119523755
297,2022-04-18 22:46:42.840388,37.53020730146478,-135.92580239369332,419.24470190438706
298,2022-04-18 22:46:57.652063,36.92687346568489,-135.05415212112726,419.1787338775469
299,2022-04-18 22:47:12.871548,36.29937046458183,-134.17378931311032,419.11115009112746
300,2022-04-18 22:47:27.695542,35.68107159501786,-133.33079126015286,419.04569429394047
301,2022-04-18 22:47:42.522591,35.05591084348054,-132.50155293433133,418.9807695493381
302,2022-04-18 22:47:57.350414,34.424217264568306,-131.6858019595319,418.91655935146616
303,2022-04-18 22:48:12.197723,33.78544388206535,-130.8821774964537,418.8531616863684
304,2022-04-18 22:48:27.012042,33.14205908255698,-130.0930792982687,418.79097115515265
305,2022-04-18 22:48:42.187214,32.477037436084785,-129.2976130141134,418.72855664128485
306,2022-04-18 22:48:57.406867,31.804209803748993,-128.51244330838833,418.6674549652012
307,2022-04-18 22:49:12.184669,31.145501185639187,-127.76176710260926,418.6097366076263
308,2022-04-18 22:49:26.959445,30.481851372747833,-127.02245841122836,418.55379233377505
309,2022-04-18 22:49:42.167181,29.79363197197394,-126.27278377470533,418.498225306781
310,2022-04-18 22:49:57.378435,29.100262828379105,-125.53402091033603,418.4448738145753
311,2022-04-18 22:50:12.216762,28.419276902204402,-124.82368991174461,418.3951515025195
312,2022-04-18 22:50:27.034917,27.734849924773073,-124.12414704641803,418.347952418767
313,2022-04-18 22:50:42.254140,27.0275396295738,-123.41553183085982,418.3022028678367
314,2022-04-18 22:50:57.063991,26.335197500783124,-122.73523953486735,418.26050278108374
315,2022-04-18 22:51:11.972188,25.63437271525593,-122.05931222324742,418.2214957869958
316,2022-04-18 22:51:27.210278,24.91418414630536,-121.3773015130192,418.18487095934415
317,2022-04-18 22:51:42.111710,24.206285634178986,-120.7186964916218,418.1523868573112
318,2022-04-18 22:51:57.374019,23.477696416246268,-120.05236126856738,418.122692403139
319,2022-04-18 22:52:12.185756,22.767350790357025,-119.41335466657631,418.09748651497796
320,2022-04-18 22:52:27.025168,22.05256499657347,-118.78038920493798,418.0759454693309
321,2022-04-18 22:52:42.291076,21.314162690065693,-118.13650951245127,418.05781106555673
322,2022-04-18 22:52:57.146613,20.592717876990427,-117.51669634250052,418.04422266930317
323,2022-04-18 22:53:11.965281,19.870383151689577,-116.90480413293236,418.034790069178
324,2022-04-18 22:53:26.845827,19.142446526987992,-116.29647711428342,418.02958878352524
325,2022-04-18 22:53:41.730231,18.411871019690498,-115.69386840988348,418.0287915545024
326,2022-04-18 22:53:56.583013,17.680496302559103,-115.0981053890729,418.0325070372369
327,2022-04-18 22:54:11.844073,16.92672659169651,-114.49150639196912,418.0411379965762
328,2022-04-18 22:54:27.064179,16.172771133721405,-113.89183678536268,418.0547211985136
329,2022-04-18 22:54:41.943729,15.433671003081415,-113.31044223519585,418.07291058259545
330,2022-04-18 22:54:56.844426,14.691646562354583,-112.73278918713241,418.09608991127595
331,2022-04-18 22:55:12.076443,13.931282948108883,-112.1467474624344,418.1250166600096
332,2022-04-18 22:55:27.323652,13.168402110052321,-111.56436747059296,418.1593631676541
333,2022-04-18 22:55:42.224498,12.421281420264096,-110.99909358341735,418.19822332989764
334,2022-04-18 22:55:57.449529,11.656397533921917,-110.42522195188151,418.24341365381997
335,2022-04-18 22:56:12.332177,10.90733414919754,-109.86762807986771,418.2930167842701
336,2022-04-18 22:56:27.171554,10.1592024462494,-109.31475613952493,418.34788159051254
337,2022-04-18 22:56:41.982717,9.411330349266041,-108.76578652355664,418.4080818095049
338,2022-04-18 22:56:56.804076,8.661887458684818,-108.21907955672495,418.47381203848624
339,2022-04-18 22:57:12.002952,7.892351807578296,-107.6609597063803,418.54696373681094
340,2022-04-18 22:57:27.202075,7.121880356193875,-107.1051406549192,418.6259756836778
341,2022-04-18 22:57:42.101823,6.365777805437132,-106.56228614717132,418.7091499955447
342,2022-04-18 22:57:57.296065,5.5940304340172835,-106.01055366009547,418.79982014609396
343,2022-04-18 22:58:12.463191,4.823006385669153,-105.4614157700505,418.8962441182848
344,2022-04-18 22:58:27.274095,4.069581683240167,-104.92653573399849,418.9961129650124
345,2022-04-18 22:58:42.105927,3.3146478756922146,-104.39201835803063,419.1017828171819
346,2022-04-18 22:58:56.915177,2.5605265609294325,-103.85924019748059,419.21293559858617
347,2022-04-18 22:59:11.698849,1.8074692115865048,-103.3281085955157,419.3295081644156
348,2022-04-18 22:59:26.949417,1.0304356502759648,-102.78072463938352,419.4556237238194
349,2022-04-18 22:59:41.768769,0.27528309481176805,-102.24912466191851,419.5838485806481
350,2022-04-18 22:59:56.578447,-0.4793799791768674,-101.71796757662918,419.7175461155146
351,2022-04-18 23:00:11.797162,-1.254790597816697,-101.17203360875007,419.8606804248563
352,2022-04-18 23:00:26.614436,-2.009581354122376,-100.64017832690489,420.0055889601966
353,2022-04-18 23:00:41.529463,-2.7690945312188404,-100.10428857164293,420.15692886332886
354,2022-04-18 23:00:56.387564,-3.5253624818507774,-99.56971582370518,420.31309223797996
355,2022-04-18 23:01:11.266671,-4.282268597389673,-99.03344982608132,420.47481191696977
356,2022-04-18 23:01:26.169575,-5.03987332714383,-98.49517123947652,420.6420699717217
357,2022-04-18 23:01:41.404331,-5.813726078231285,-97.94349309264574,420.8184297654737
358,2022-04-18 23:01:56.272247,-6.568241140932952,-97.40351169782582,420.9956938557904
359,2022-04-18 23:02:11.159371,-7.32294996750814,-96.86104377551182,421.1781913380761
360,2022-04-18 23:02:26.012017,-8.075041101482036,-96.3178359942113,421.3651557055103
361,2022-04-18 23:02:40.938901,-8.82991419946107,-95.76969513718312,421.55786475889477
362,2022-04-18 23:02:55.798732,-9.580352507502505,-95.22157488776624,421.75438980223765
363,2022-04-18 23:03:11.068792,-10.350318984930503,-94.6555584252969,421.96107943642176
364,2022-04-18 23:03:25.977211,-11.100783897615345,-94.10002050543409,422.1673774172149
365,2022-04-18 23:03:40.844379,-11.847841153877667,-93.54290442049972,422.3774055578539
366,2022-04-18 23:03:55.680365,-12.591904896042028,-92.98363203788425,422.59113625171733
367,2022-04-18 23:04:10.516604,-13.334441259288344,-92.42081198413173,422.808861938394
368,2022-04-18 23:04:25.789124,-14.097135954338013,-91.83747227679662,423.0370140608256
369,2022-04-18 23:04:40.618699,-14.835945765472408,-91.26698103136476,423.26228868073576
370,2022-04-18 23:04:55.541637,-15.57756384609116,-90.68859185994225,423.4925443281334
371,2022-04-18 23:05:10.407893,-16.314406932626582,-90.10786902857812,423.7253096243853
372,2022-04-18 23:05:25.252077,-17.048123101301442,-89.52322749166336,423.96093816183947
373,2022-04-18 23:05:40.160633,-17.782840956606353,-88.93100674304543,424.20063289545806
374,2022-04-18 23:05:55.034913,-18.513577548234345,-88.33485255536857,424.4426368480618
375,2022-04-18 23:06:09.947525,-19.243792277102358,-87.73157997987168,424.6879509384987
376,2022-04-18 23:06:25.211821,-19.988613813374158,-87.10800582523765,424.94164020080166
377,2022-04-18 23:06:40.068814,-20.710891690057306,-86.49489478108701,425.19087842203453
378,2022-04-18 23:06:55.268121,-21.446939531412752,-85.86107429085855,425.44801474385696
379,2022-04-18 23:07:10.536577,-22.18327987967859,-85.21735949553562,425.70830431483074
380,2022-04-18 23:07:25.443999,-22.89913782688344,-84.58176910744292,425.96415440044734
381,2022-04-18 23:07:40.285356,-23.6086454216814,-83.94175721749403,426.2203366644502
382,2022-04-18 23:07:55.145528,-24.315754448978502,-83.29338193961232,426.4781068974085
383,2022-04-18 23:08:09.962108,-25.017338454324396,-82.6391020773336,426.7361607268214
384,2022-04-18 23:08:25.184563,-25.734418052320255,-81.9584382745715,427.0021485170509
385,2022-04-18 23:08:40.043780,-26.430575466716483,-81.28543798320617,427.26240794660873
386,2022-04-18 23:08:54.842395,-27.120011402173546,-80.60641948769901,427.5220009293314
387,2022-04-18 23:09:09.612124,-27.80405077380302,-79.9197105968323,427.7812521979667
388,2022-04-18 23:09:24.853800,-28.505546755357262,-79.20125132630989,428.048734913295
389,2022-04-18 23:09:39.709849,-29.184827710834043,-78.49102376215892,428.3091750704163
390,2022-04-18 23:09:54.556554,-29.85907027882802,-77.7711127050261,428.56894361259987
391,2022-04-18 23:10:09.397036,-30.52826072269045,-77.04100984603679,428.82787882083403
392,2022-04-18 23:10:24.581629,-31.207809577256363,-76.2827750027507,429.0918232342219
393,2022-04-18 23:10:39.744577,-31.881001722542376,-75.51390236935883,429.3541575882987
394,2022-04-18 23:10:54.958617,-32.55079247724208,-74.7303240664173,429.6158776465989
395,2022-04-18 23:11:09.792205,-33.198189771764135,-73.95423121724038,429.8693905532391
396,2022-04-18 23:11:24.992018,-33.855527442959236,-73.14622259119973,430.1272081088675
397,2022-04-18 23:11:39.822007,-34.490778356265714,-72.34500909554586,430.3766281219527
398,2022-04-18 23:11:54.665829,-35.12033745229958,-71.52997257118032,430.62394292998283
399,2022-04-18 23:12:09.497909,-35.74288326132086,-70.70212969435144,430.868503412256
400,2022-04-18 23:12:24.701874,-36.374021188079595,-69.83917410502845,431.11630846860555
401,2022-04-18 23:12:39.481492,-36.980470007003426,-68.98599450716715,431.35416863807836
402,2022-04-18 23:12:54.328215,-37.58238894106226,-68.11435133093057,431.5898827429054
403,2022-04-18 23:13:09.546694,-38.19152029950184,-67.20530744904738,431.82791575550465
404,2022-04-18 23:13:24.719214,-38.79058405815244,-66.28292755031687,432.0613856187566
405,2022-04-18 23:13:39.562490,-39.36841122307196,-65.3646291884745,432.285859432453
406,2022-04-18 23:13:54.756706,-39.951134715847566,-64.40793739765297,432.5113876583084
407,2022-04-18 23:14:09.972131,-40.525461113026225,-63.432615211790086,432.7326984130774
408,2022-04-18 23:14:24.768105,-41.07478907648783,-62.46723733477391,432.94334753354894
409,2022-04-18 23:14:39.992618,-41.630266215164674,-61.45608544271963,433.1551966746347
410,2022-04-18 23:14:55.103237,-42.171420659966785,-60.43434855942848,433.3603266154048
411,2022-04-18 23:15:09.910660,-42.691538855803394,-59.41527958023704,433.55617894628045
412,2022-04-18 23:15:25.097384,-43.2141739660867,-58.351432107367536,433.7515508184438
413,2022-04-18 23:15:39.984468,-43.715492002572574,-57.28999775208644,433.9374671580508
414,2022-04-18 23:15:54.795169,-44.203058391641676,-56.21553356608753,434.11674398986895
415,2022-04-18 23:16:09.974863,-44.69081172830065,-55.09497936371933,434.29441712648537
416,2022-04-18 23:16:25.162873,-45.16631304287275,-53.95406521318161,434.4658542558273
417,2022-04-18 23:16:39.999065,-45.61830376495873,-52.820408279513615,434.6270274795102
418,2022-04-18 23:16:54.839939,-46.05769716214199,-51.66733605910167,434.78186851040635
419,2022-04-18 23:17:09.671384,-46.483682630299235,-50.49593070730819,434.9300738346666
420,2022-04-18 23:17:24.507625,-46.89628037879018,-49.30508123987174,435.07163735113403
421,2022-04-18 23:17:39.645764,-47.30290612672362,-48.070439894889255,435.2090294450209
422,2022-04-18 23:17:54.481900,-47.686941196222485,-46.841350082559444,435.3366291655389
423,2022-04-18 23:18:09.306411,-48.05593321800796,-45.59461572181041,435.4570129856444
424,2022-04-18 23:18:24.114588,-48.40943885232969,-44.330825574405836,435.5700436514902
425,2022-04-18 23:18:39.300172,-48.75585767538417,-43.01612781178473,435.67832191797856
426,2022-04-18 23:18:54.473452,-49.08532259556187,-41.68390465490294,435.7786752059503
427,2022-04-18 23:19:09.664761,-49.398055153077074,-40.332022317462354,435.8711765637132
428,2022-04-18 23:19:24.459275,-49.685771639051964,-38.998575713578894,435.9534911604279
429,2022-04-18 23:19:39.272719,-49.95683056742791,-37.64734441562291,436.0281303630854
430,2022-04-18 23:19:54.439656,-50.21633553721516,-36.2479126000378,436.0963891297754
431,2022-04-18 23:20:09.269638,-50.452097536737185,-34.864722512164406,436.15506155321066
432,2022-04-18 23:20:24.066884,-50.66930122746654,-33.47074983085356,436.20557544255064
433,2022-04-18 23:20:39.217105,-50.87269170191263,-32.03019419484301,436.2489102818833
434,2022-04-18 23:20:54.391174,-51.05684193131017,-30.574832116288057,436.2837453546471
435,2022-04-18 23:21:09.220799,-51.21762411140636,-29.14146304232512,436.30944710820336
436,2022-04-18 23:21:24.071764,-51.35938927412578,-27.69617291680897,436.3268727662087
437,2022-04-18 23:21:38.902620,-51.48152250914207,-26.244165223911104,436.33593114756786
438,2022-04-18 23:21:53.706109,-51.583867025545665,-24.78743930690669,436.33662416519275
439,2022-04-18 23:22:08.876550,-51.668308598444774,-23.288188754832913,436.32865346927383
440,2022-04-18 23:22:23.766189,-51.73093465716036,-21.811686417535935,436.3122656933128
441,2022-04-18 23:22:38.551007,-51.7731657226118,-20.342060422093788,436.28758706807685
442,2022-04-18 23:22:53.362965,-51.79546975458333,-18.867516255864096,436.2544587717547
443,2022-04-18 23:23:08.538252,-51.79751725298759,-17.355965045923153,436.21179854365073
444,2022-04-18 23:23:23.718433,-51.77849552001539,-15.844455881731246,436.1603047360437
445,2022-04-18 23:23:38.516357,-51.73969810173578,-14.372960934957861,436.10163700098576
446,2022-04-18 23:23:53.351592,-51.68079286962458,-12.901059943729148,436.03445386823154
447,2022-04-18 23:24:08.151102,-51.602156599488154,-11.437277553210029,435.9591158705484
448,2022-04-18 23:24:22.991997,-51.50349093838956,-9.9753018583477,435.8752667902945
449,2022-04-18 23:24:37.841317,-51.38507042950114,-8.519706954223691,435.7831011584994
450,2022-04-18 23:24:53.011055,-51.24393532649452,-7.041397836912607,435.6804623038063
451,2022-04-18 23:25:07.860962,-51.08625516875931,-5.603969739673717,435.5717464606361
452,2022-04-18 23:25:23.034499,-50.905433057781,-4.146279523524787,435.45231101276255
453,2022-04-18 23:25:37.875174,-50.70957869465481,-2.7324903912702663,435.32741276624006
454,2022-04-18 23:25:52.716938,-50.495203028506324,-1.3313750507310793,435.1945961648386
455,2022-04-18 23:26:07.519735,-50.26325258147053,0.05244681714635259,435.0543389703556
456,2022-04-18 23:26:22.658824,-50.00763286054672,1.4527471736660291,434.90295377815596
457,2022-04-18 23:26:37.490639,-49.73950125248196,2.8091722916517363,434.7469611116936
458,2022-04-18 23:26:52.332008,-49.454003721713896,4.15051987175509,434.5833655831078
459,2022-04-18 23:27:07.500300,-49.14484198369585,5.504206234901727,434.40854518936715
460,2022-04-18 23:27:22.644848,-48.81902558153753,6.8378990596030045,434.2264383871727
461,2022-04-18 23:27:37.448897,-48.48438034541065,8.123839714208762,434.0412628380179
462,2022-04-18 23:27:52.592623,-48.12593606442953,9.420714307181582,433.84465350217397
463,2022-04-18 23:28:07.424379,-47.759476610046434,10.672327973601565,433.64519886288974
464,2022-04-18 23:28:22.270895,-47.37779369185613,11.906544152377775,433.4388639247243
465,2022-04-18 23:28:37.068550,-46.98298076770514,13.117920951220084,433.2267156316999
466,2022-04-18 23:28:52.240347,-46.56367638397462,14.340366971201833,433.0026344774719
467,2022-04-18 23:29:07.411204,-46.13012192123173,15.542881723170066,432.7720884751996
468,2022-04-18 23:29:22.593096,-45.68244699320181,16.72620679993046,432.53510619758475
469,2022-04-18 23:29:37.428171,-45.23200929918981,17.863285402161697,432.2976341639893
470,2022-04-18 23:29:52.558029,-44.75983198909209,19.00340015256062,432.0496392724608
471,2022-04-18 23:30:07.412062,-44.28407563228704,20.10367060383386,431.80064704025347
472,2022-04-18 23:30:22.540939,-43.787514663576204,21.205013859148966,431.54163631088556
473,2022-04-18 23:30:37.353528,-43.289980752385716,22.26466212891796,431.282950948932
474,2022-04-18 23:30:52.214301,-42.77990109935528,23.30942972187923,431.01856344171347
475,2022-04-18 23:31:07.032172,-42.260766379302694,24.333124149654385,430.7503036251676
476,2022-04-18 23:31:22.208512,-41.718551149673814,25.363157645850574,430.47097968460486
477,2022-04-18 23:31:37.038063,-41.17876179697754,26.351991354397253,430.1937701569123
478,2022-04-18 23:31:51.839131,-40.63054180180468,27.321794271564638,429.9131133306572
479,2022-04-18 23:32:07.009346,-40.059189193809225,28.29833509614886,429.62156876096424
480,2022-04-18 23:32:22.177881,-39.47863271735797,29.257515864461972,429.3263438127182
481,2022-04-18 23:32:37.001954,-38.90264333032582,30.17857208908617,429.03447895064943
482,2022-04-18 23:32:51.841552,-38.3178284657298,31.0847656600031,428.739232051689
483,2022-04-18 23:33:06.696433,-37.724463250114496,31.97640317662897,428.44083041044456
484,2022-04-18 23:33:21.580979,-37.122193402920146,32.85469505132808,428.1391937551529
485,2022-04-18 23:33:36.412061,-36.514708744262045,33.7151018976048,427.83626620368943
486,2022-04-18 23:33:51.222017,-35.90099775416421,34.560001390506585,427.531638513552
487,2022-04-18 23:34:06.052142,-35.27961252349558,35.392123837412754,427.22470303271587
488,2022-04-18 23:34:21.224789,-34.637045228077994,36.22944984041559,426.90896459126435
489,2022-04-18 23:34:36.068902,-34.00195695715147,37.03530907628124,426.5986340039392
490,2022-04-18 23:34:51.327941,-33.34274900932556,37.85032652721318,426.27842181552836
491,2022-04-18 23:35:06.117432,-32.69786418578499,38.62775506557267,425.9671270968026
492,2022-04-18 23:35:21.249558,-32.032211855574154,39.41081676291397,425.6479297260993
493,2022-04-18 23:35:36.048858,-31.37573158673688,40.16489955366618,425.33533167539593
494,2022-04-18 23:35:51.230512,-30.696854041991287,40.92680580699467,425.01446389590507
495,2022-04-18 23:36:06.017857,-30.030550799033808,41.65789919636878,424.7020034027942
496,2022-04-18 23:36:20.871794,-29.356387804020695,42.38172171341245,424.38843956909886
497,2022-04-18 23:36:36.043076,-28.663007051489352,43.11042511807979,424.0687507836241
498,2022-04-18 23:36:50.859675,-27.981315130989653,43.81213006966911,423.7573359187533
499,2022-04-18 23:37:05.693181,-27.29454453872548,44.505117089968415,423.4465972208621
500,2022-04-18 23:37:20.517809,-26.604078209452364,45.188483916685726,423.1373226786078
501,2022-04-18 23:37:35.309565,-25.911183550628643,45.861520218700285,422.8302272452945
502,2022-04-18 23:37:50.121844,-25.2135317811106,46.526978000036834,422.5244362116698
503,2022-04-18 23:38:04.967074,-24.51069355669968,47.18566497284213,422.2199422754721
504,2022-04-18 23:38:20.152722,-23.78808992704811,47.85127207032211,421.9107345039539
505,2022-04-18 23:38:34.982159,-23.07905464086754,48.493560084463056,421.61123669648623
506,2022-04-18 23:38:49.822837,-22.366261736713774,49.129029345042376,421.31415882406156
507,2022-04-18 23:39:04.616059,-21.65270176129939,49.7554652460062,421.0208932253865
508,2022-04-18 23:39:19.453056,-20.934087849844445,50.377039800302,420.7298363482661
509,2022-04-18 23:39:34.295173,-20.212408837621496,50.99238212493121,420.4419737126529
510,2022-04-18 23:39:49.099111,-19.48992567239604,51.59997846579785,420.15834879563994
511,2022-04-18 23:40:04.222514,-18.749227478412244,52.21461967545804,419.87241697383166
512,2022-04-18 23:40:19.058984,-18.020086919622766,52.81194625421551,419.5958421582504
513,2022-04-18 23:40:33.895473,-17.28863046150361,53.40390721206111,419.32337206155864
514,2022-04-18 23:40:49.065919,-16.53844548075888,54.0039048302369,419.0492148731977
515,2022-04-18 23:41:03.898609,-15.802844111329454,54.585648576893036,418.78568900761184
516,2022-04-18 23:41:18.747814,-15.064428905998119,55.163448752087774,418.5265325721834
517,2022-04-18 23:41:33.591961,-14.324387401790897,55.73669871530422,418.27230562297973
518,2022-04-18 23:41:48.408853,-13.583944757623787,56.30479084216561,418.02354366248045
519,2022-04-18 23:42:03.221106,-12.842078079011598,56.86884334694188,417.7800130282927
520,2022-04-18 23:42:18.403540,-12.080028551696577,57.44325167716472,417.53589810520305
521,2022-04-18 23:42:33.198651,-11.335956480447702,57.999570272902005,417.3035344919443
522,2022-04-18 23:42:48.035749,-10.588395878107914,58.55430927221557,417.07612552598385
523,2022-04-18 23:43:02.831276,-9.841673042473417,59.10455268458857,416.85509686197173
524,2022-04-18 23:43:17.670731,-9.091552490803862,59.6537122116437,416.6393008496351
525,2022-04-18 23:43:32.509264,-8.34039197701091,60.200334184076986,416.42954244569927
526,2022-04-18 23:43:47.309568,-7.590162808438408,60.74328039519865,416.2264410265284
527,2022-04-18 23:44:02.132134,-6.837917490966226,61.28496910548591,416.02927653152557
528,2022-04-18 23:44:16.989992,-6.083068140710271,61.826086584442656,415.83801532232957
529,2022-04-18 23:44:31.808753,-5.329473452252716,62.3641430086788,415.6537094943754
530,2022-04-18 23:44:46.642064,-4.574500297218326,62.90129689298667,415.47576962305396
531,2022-04-18 23:45:01.812169,-3.801826346169691,63.449376444200745,415.3006559054876
532,2022-04-18 23:45:16.617785,-3.047243404440652,63.98327173479131,415.1365203923399
533,2022-04-18 23:45:31.498154,-2.2884679351642876,64.51905995054436,414.9783678290707
534,2022-04-18 23:45:46.651832,-1.515460760343651,65.06407024431269,414.82439706651144
535,2022-04-18 23:46:01.473800,-0.7591837622788118,65.59674847438707,414.68077399470957
536,2022-04-18 23:46:16.283420,-0.0034094845699679244,66.1288094634196,414.54420667744057
537,2022-04-18 23:46:31.461843,0.7712124660637177,66.67414256651152,414.4114793653806
538,2022-04-18 23:46:46.254791,1.5260978860758179,67.20585361834269,414.28921124815815
539,2022-04-18 23:47:01.091997,2.2831043494124645,67.7395961625811,414.1736311977849
540,2022-04-18 23:47:15.916521,3.0392259011518052,68.27351843596234,414.0652270880907
541,2022-04-18 23:47:31.050256,3.810811013258807,68.81946622057882,413.96186784834725
542,2022-04-18 23:47:45.880705,4.566520978873503,69.35553898820386,413.8677491410129
543,2022-04-18 23:48:01.054390,5.339214757482738,69.90533470412417,413.77879346462214
544,2022-04-18 23:48:16.207352,6.110244386435058,70.45592667816643,413.6973594837757
545,2022-04-18 23:48:31.042309,6.864417346149502,70.99668131805016,413.62478040488696
546,2022-04-18 23:48:45.912100,7.619599500612418,71.54062589074408,413.5591013671803
547,2022-04-18 23:49:00.742088,8.371910967092582,72.08524456162618,413.5006168898749
548,2022-04-18 23:49:15.582106,9.123785649654305,72.63257406937458,413.44907106075794
549,2022-04-18 23:49:30.382020,9.872604741134019,73.18098381936724,413.4045707768178
550,2022-04-18 23:49:45.592875,10.641039452841875,73.74750592142605,413.3659676283239
551,2022-04-18 23:50:00.378368,11.38674543388391,74.30121514871169,413.3353136420138
552,2022-04-18 23:50:15.215639,12.13376122308579,74.86011199151143,413.31129286798017
553,2022-04-18 23:50:30.045633,12.878988099957834,75.42219997069033,413.2939595723862
554,2022-04-18 23:50:44.861995,13.621999442405738,75.98745513315588,413.2832281294365
555,2022-04-18 23:50:59.685136,14.363743630568685,76.55690859576447,413.2789934980139
556,2022-04-18 23:51:14.493447,15.103014220537927,77.12994819472073,413.2811653465423
557,2022-04-18 23:51:29.608685,15.855720797137996,77.71940641361627,413.2898802736726
558,2022-04-18 23:51:44.405058,16.590616513447245,78.3011423433903,413.3046653458682
559,2022-04-18 23:51:59.182138,17.32249925906636,78.88699524640955,413.3254963173129
560,2022-04-18 23:52:13.982097,18.053369450338273,79.47891267938289,413.35232105176055
561,2022-04-18 23:52:29.092217,18.79721190333968,80.08882095677728,413.3857380461605
562,2022-04-18 23:52:43.897903,19.523646396814357,80.69218123283942,413.4242636667723
563,2022-04-18 23:52:58.699866,20.24739084035435,81.3013486155975,413.4683696147162
564,2022-04-18 23:53:13.541759,20.97043770976502,81.91841005513095,413.51806989441303
565,2022-04-18 23:53:28.348992,21.689024179754803,82.54054766223733,413.5729769754902
566,2022-04-18 23:53:43.176368,22.405687831462764,83.17034480466135,413.63314125314105
567,2022-04-18 23:53:57.958814,23.117145192919203,83.80530024713767,413.69813568337423
568,2022-04-18 23:54:12.786861,23.827625139764777,84.44960887504159,413.76820581537567
569,2022-04-18 23:54:27.567429,24.53251735465162,85.09951744186331,413.84275290357135
570,2022-04-18 23:54:42.410644,25.236928019624454,85.76019447742819,413.922178446805
571,2022-04-18 23:54:57.635409,25.955672357277916,86.4465256340191,414.0082215647527
572,2022-04-18 23:55:12.450045,26.65121762536942,87.12311616738545,414.09622150831865
573,2022-04-18 23:55:27.688328,27.362539862562713,87.82840959956583,414.1909550731582
574,2022-04-18 23:55:42.529664,28.051155496199588,88.52479386382261,414.2871527728343
575,2022-04-18 23:55:57.453076,28.73924325734891,89.23478731257546,414.387612331842
576,2022-04-18 23:56:12.340308,29.421143500615177,89.95315019103343,414.49137096795664
577,2022-04-18 23:56:27.221971,30.098104943122475,90.68168558330586,414.5984441880517
578,2022-04-18 23:56:42.042145,30.767398840826218,91.41791343985888,414.7082173079611
579,2022-04-18 23:56:56.905603,31.433597865080213,92.16741310059514,414.8212776658908
580,2022-04-18 23:57:11.807786,32.096229687280896,92.93039248063167,414.9374212220733
581,2022-04-18 23:57:26.717218,32.75366790892509,93.70568061482844,415.05622480584543
582,2022-04-18 23:57:41.586049,33.403595555628215,94.49111976432282,415.1771042380066
583,2022-04-18 23:57:56.507831,34.0498883565357,95.29207661137272,415.30063231906655
584,2022-04-18 23:58:11.332376,34.685789131859906,96.10075817040966,415.42535349402885
585,2022-04-18 23:58:26.252089,35.31936437542839,96.92811421322978,415.55270128218865
586,2022-04-18 23:58:41.095954,35.94304665110859,97.76501741676776,415.6810163304717
587,2022-04-18 23:58:55.947262,36.56014196114024,98.61647758448144,415.810816687994
588,2022-04-18 23:59:11.140684,37.18405720839849,99.50261981636216,415.9448808462817
589,2022-04-18 23:59:26.041983,37.78840322007347,100.3868829999126,416.0774147159698
590,2022-04-18 23:59:40.883297,38.38257791775108,101.28289288738046,416.21025182862314
591,2022-04-18 23:59:55.712113,38.96825018182506,102.19378184211793,416.3436202489595
592,2022-04-19 00:00:10.942108,39.5611385836225,103.14598623815455,416.4810695544088
593,2022-04-19 00:00:25.751934,40.12897193684253,104.08849368129503,416.6149946439424
594,2022-04-19 00:00:40.667646,40.691911845840316,105.05468163032735,416.7499634338041
595,2022-04-19 00:00:55.851488,41.25524677321987,106.05578687032687,416.88721631336034
596,2022-04-19 00:01:11.092357,41.810640609793566,107.07910150200296,417.02468524451604
597,2022-04-19 00:01:26.346887,42.356025393330874,108.12210068092618,417.16177063679436
598,2022-04-19 00:01:41.252369,42.878392729958634,109.15963786259131,417.2950399260709
599,2022-04-19 00:01:56.140687,43.389400833424105,110.21442630093199,417.4273089332135
600,2022-04-19 00:02:11.379570,43.90092265683847,111.31340604113193,417.5616355297005
601,2022-04-19 00:02:26.196063,44.38669730846827,112.40088725412868,417.6910379958072
602,2022-04-19 00:02:41.402012,44.87299221458233,113.53661599657921,417.8224402341666
603,2022-04-19 00:02:56.280442,45.33639120439127,114.66727762247504,417.94946831227594
604,2022-04-19 00:03:11.098235,45.785303735719246,115.81253106578878,418.07430456107875
605,2022-04-19 00:03:26.361739,46.23414479021534,117.01230931276521,418.20098411880696
606,2022-04-19 00:03:41.224587,46.65756332134717,118.20021868049282,418.32232322658984
607,2022-04-19 00:03:56.132143,47.068302497234534,119.41106211816368,418.4418758696467
608,2022-04-19 00:04:11.378310,47.47349541637939,120.66939006099648,418.56176853495396
609,2022-04-19 00:04:26.195078,47.85244977390981,121.91149783861617,418.67584430612624
610,2022-04-19 00:04:41.517806,48.22852910097951,123.21569417719972,418.7911420510845
611,2022-04-19 00:04:56.362826,48.577139429802074,124.49805333935683,418.90012482658636
612,2022-04-19 00:05:11.181726,48.9092596405638,125.79621316033463,419.0061167255118
613,2022-04-19 00:05:26.083547,49.22686337807815,127.11948240628142,419.10976996295176
614,2022-04-19 00:05:40.948990,49.526923199588346,128.4567813855519,419.2101228046651
615,2022-04-19 00:05:55.788837,49.80939478002269,129.8084593534532,419.3071647261988
616,2022-04-19 00:06:10.583713,50.073663391948,131.17198710971678,419.40069044069423
617,2022-04-19 00:06:25.386149,50.320367159153164,132.55135197081808,419.49094439706374
618,2022-04-19 00:06:40.234641,50.54973179023484,133.94953133262064,419.5780605491048
619,2022-04-19 00:06:55.071149,50.760467579983995,135.36018732339593,419.6615993444687
620,2022-04-19 00:07:10.297173,50.957246149582105,136.82099184735188,419.74360277471044
621,2022-04-19 00:07:25.137316,51.129764025882,138.25660565230137,419.8198246497051
622,2022-04-19 00:07:40.330799,51.28639923674301,139.73729928697557,419.8940011437362
623,2022-04-19 00:07:55.175939,51.41967162678851,141.1935232590712,419.9626436620812
624,2022-04-19 00:08:09.974045,51.53286974267705,142.6532891264455,420.02724582535336
625,2022-04-19 00:08:24.838846,51.626642442963615,144.12650633104366,420.0882460628334
626,2022-04-19 00:08:39.678835,51.700187354654545,145.60294011290554,420.14521550784764
627,2022-04-19 00:08:54.491190,51.75347556183238,147.08085289536632,420.19812559957916
628,2022-04-19 00:09:09.305313,51.7865840988207,148.56189065838512,420.24706617380036
629,2022-04-19 00:09:24.138687,51.799455209388896,150.0463793286245,420.2920626430518
630,2022-04-19 00:09:38.961363,51.79202583706322,151.52998656323072,420.33300640532275
631,2022-04-19 00:09:54.160774,51.76335740358571,153.05001179700753,420.3708066590588
632,2022-04-19 00:10:08.984950,51.71491118405551,154.52987762206817,420.4035903622296
633,2022-04-19 00:10:24.191987,51.644277516610536,156.04379436222666,420.4330338377564
634,2022-04-19 00:10:39.371784,51.552740786031244,157.54939355969827,420.4582067318975
635,2022-04-19 00:10:54.528623,51.440536073238874,159.04567153242618,420.47915356200366
636,2022-04-19 00:11:09.342554,51.310946932126065,160.50012183900216,420.495607386568
637,2022-04-19 00:11:24.117815,51.162289546448726,161.94159243920095,420.50808824841357
638,2022-04-19 00:11:38.929831,50.99402754734892,163.37637967228204,420.51669645951466
639,2022-04-19 00:11:53.720987,50.807037236085165,164.79778282732096,420.5214330375009
640,2022-04-19 00:12:08.554847,50.60075054348703,166.21084755502818,420.52235701444766
641,2022-04-19 00:12:23.363775,50.376371229924764,167.6081566085927,420.5195105452498
642,2022-04-19 00:12:38.197875,50.13345960506158,168.99353983316507,420.51294328078086
643,2022-04-19 00:12:53.010007,49.87311259115855,170.3618028447011,420.50273981491523
644,2022-04-19 00:13:08.221979,49.58759519811885,171.75056500408675,420.48854299574737
645,2022-04-19 00:13:23.058231,49.291797316193104,173.08829272805355,420.4711462996737
646,2022-04-19 00:13:38.267414,48.97120182102559,174.44185391765467,420.4497603077665
647,2022-04-19 00:13:53.060031,48.642911233762206,175.7405777350028,420.42559928814035
648,2022-04-19 00:14:07.893051,48.297801723147316,177.02484218315192,420.39813795651526
649,2022-04-19 00:14:22.724415,47.93720066505678,178.29053203374025,420.36754079342774
650,2022-04-19 00:14:37.542392,47.56181735252435,179.5363960265736,420.33393994080546
651,2022-04-19 00:14:52.358438,47.1717950042709,-179.23681151267797,420.2974227618127
652,2022-04-19 00:15:07.191274,46.76701456570553,-178.02769613303414,420.25805083106997
653,2022-04-19 00:15:22.018232,46.34849887090743,-176.83826974010228,420.2160003451122
654,2022-04-19 00:15:36.823748,45.91713007980823,-175.6697743735053,420.1714450125299
655,2022-04-19 00:15:51.655044,45.47192642359489,-174.51848100961658,420.12436802951424
656,2022-04-19 00:16:06.893289,45.00129384841015,-173.3556126516379,420.0735899430615
657,2022-04-19 00:16:21.727911,44.5306562146144,-172.24290994120884,420.02194826766373
658,2022-04-19 00:16:36.556613,44.04832386554059,-171.14965573391825,419.9682922414217
659,2022-04-19 00:16:51.761614,43.54179779839079,-170.04816491331565,419.9113094544047
660,2022-04-19 00:17:06.619335,43.03554464627739,-168.99072414844883,419.8538571827453
661,2022-04-19 00:17:21.412237,42.5207720349743,-167.956199222592,419.7950663185259
662,2022-04-19 00:17:36.244681,41.99424561915046,-166.9370021651732,419.7346799457251
663,2022-04-19 00:17:51.062019,41.45822794943259,-165.93664112895252,419.6730720512875
664,2022-04-19 00:18:05.850808,40.91360189871303,-164.95565964173153,419.6104629947569
665,2022-04-19 00:18:20.652034,40.35919131682996,-163.99096091815693,419.5468393528723
666,2022-04-19 00:18:35.465382,39.795325090530085,-163.0422984812495,419.4823644897826
667,2022-04-19 00:18:50.236006,39.22443759782439,-162.11279072934147,419.41744409691717
668,2022-04-19 00:19:05.018091,38.644760772700856,-161.19860617041448,419.35200705332363
669,2022-04-19 00:19:19.809034,38.05668237210115,-160.299581540056,419.2862322187243
670,2022-04-19 00:19:34.634466,37.45942589106554,-159.4138357979652,419.22017297893194
671,2022-04-19 00:19:49.472443,36.85413653406717,-158.5423966851997,419.15410019509346
672,2022-04-19 00:20:04.279682,36.24287955583539,-157.68741244627148,419.08838045582297
673,2022-04-19 00:20:19.512297,35.60679006800289,-156.82269990468615,419.02117804919544
674,2022-04-19 00:20:34.332026,34.981150152417385,-155.9955007503815,418.9563723680575
675,2022-04-19 00:20:49.579170,34.330731846320454,-155.1585117697627,418.8904744921371
676,2022-04-19 00:21:04.771296,33.67611123376179,-154.33830419523778,418.82578395061967
677,2022-04-19 00:21:19.608678,33.030726718140286,-153.55013887488465,418.7637205928284
678,2022-04-19 00:21:34.441101,32.37980048659105,-152.77457291488287,418.7029562014082
679,2022-04-19 00:21:49.621876,31.707848977709588,-151.99316586562222,418.6422696448948
680,2022-04-19 00:22:04.435365,31.04680424550749,-151.24238659364556,418.5846981727056
681,2022-04-19 00:22:19.232416,30.381394753707713,-150.50360008418852,418.52898513182237
682,2022-04-19 00:22:34.012008,29.711891625640657,-149.7764724425211,418.4752990680347
683,2022-04-19 00:22:48.810580,29.03683352964501,-149.0588576446576,418.4236765281808
684,2022-04-19 00:23:03.672269,28.354357638876877,-148.34835418470647,418.3741500144243
685,2022-04-19 00:23:18.494634,27.66933158911141,-147.64953184430345,418.32723246650824
686,2022-04-19 00:23:33.694359,26.962525932003967,-146.94272319529676,418.2818621113875
687,2022-04-19 00:23:48.481842,26.27084858015708,-146.26427720589797,418.2405512691751
688,2022-04-19 00:24:03.705935,25.554785843693843,-145.57495215933753,418.2011053934394
689,2022-04-19 00:24:18.550766,24.85282711642325,-144.91138671069666,418.16581450203523
690,2022-04-19 00:24:33.442096,24.14508478967165,-144.2539061219241,418.13371485422437
691,2022-04-19 00:24:48.305176,23.435325759172486,-143.60557852616975,418.1051285186183
692,2022-04-19 00:25:03.524919,22.70515621054482,-142.94950877008642,418.0795829737949
693,2022-04-19 00:25:18.313780,21.992544442499735,-142.31930102381392,418.0585197238167
694,2022-04-19 00:25:33.132077,21.275583130092613,-141.69475802722292,418.04127129477513
695,2022-04-19 00:25:47.942088,20.55621326121036,-141.07718923429138,418.028024653199
696,2022-04-19 00:26:03.165445,19.81397109597248,-140.44898938002646,418.0187057322976
697,2022-04-19 00:26:17.994011,19.08838201291508,-139.84323604704852,418.013946976395
698,2022-04-19 00:26:32.832231,18.359897055592416,-139.2429084732082,418.0135748378281
699,2022-04-19 00:26:48.040249,17.610849410500578,-138.63336777352524,418.01787342045725
700,2022-04-19 00:27:02.866047,16.878398245646654,-138.0444792059844,418.0267398220036
701,2022-04-19 00:27:18.072066,16.12499601798612,-137.44568559496113,418.0407429896257
702,2022-04-19 00:27:33.242135,15.371322224114541,-136.85329581527805,418.0597757658225
703,2022-04-19 00:27:48.062136,14.633158365161082,-136.2791218351004,418.08335234367263
704,2022-04-19 00:28:02.902160,13.892245042986932,-135.7084313194512,418.11198780505606
705,2022-04-19 00:28:17.689294,13.152346006961011,-135.14378578314475,418.1456095355685
706,2022-04-19 00:28:32.909161,12.389158721399134,-134.566514406148,418.18560569134223
707,2022-04-19 00:28:47.750657,11.643491526453648,-134.00719635625597,418.22994734949606
708,2022-04-19 00:29:03.016758,10.875096671042058,-133.43534095412076,418.2811309998033
709,2022-04-19 00:29:17.869710,10.126209767979978,-132.8820791369174,418.33641971250336
710,2022-04-19 00:29:33.072061,9.3585231886203,-132.3187727985456,418.39867309122764
711,2022-04-19 00:29:48.281309,8.589399857837632,-131.7579876914159,418.4667399409419
712,2022-04-19 00:30:03.082021,7.8399185176435635,-131.21465952308247,418.53858382345095
713,2022-04-19 00:30:17.903604,7.088542618708975,-130.67276930793753,418.6160988439406
714,2022-04-19 00:30:32.728558,6.336207907678816,-130.1327201177936,418.69924027968057
715,2022-04-19 00:30:47.875016,5.566845669791287,-129.5827741736182,418.7900006306403
716,2022-04-19 00:31:02.681551,4.814150571887642,-129.04673477180054,418.88442124479826
